﻿{"inkVersion":21,"root":[["^Яркий, горящий в голове образ","\n","ev",1,"/ev",{"VAR=":"characterExpression","re":true},"^...Ключ, поломаное небо и волны беспросветной тьмы","\n","^Рука не человека, необычный ключ","\n","^Медленно приближалась","\n","^Едва коснувшись его...","\n","^Сон разлетается на сотню осколков от громких стуков, звучащих в стенах дома.","\n",["ev",{"^->":"0.16.$r1"},{"temp=":"$r"},"str",{"->":".^.s"},[{"#n":"$r1"}],"/str","/ev",{"*":"0.c-0","flg":18},{"s":["^Попытатся уснуть",{"->":"$r","var":true},null]}],["ev",{"^->":"0.17.$r1"},{"temp=":"$r"},"str",{"->":".^.s"},[{"#n":"$r1"}],"/str","/ev",{"*":"0.c-1","flg":18},{"s":["^Встать",{"->":"$r","var":true},null]}],{"c-0":["ev",{"^->":"0.c-0.$r2"},"/ev",{"temp=":"$r"},{"->":"0.16.s"},[{"#n":"$r2"}],"\n","^Громкие стуки не позволяют попасть в царство морфея","\n",{"->":"0.g-0"},{"#f":5}],"c-1":["ev",{"^->":"0.c-1.$r2"},"/ev",{"temp=":"$r"},{"->":"0.17.s"},[{"#n":"$r2"}],"\n","^Медленно поднимаясь и протирая глаза она думала лишь о сне","\n","^Столь яркие цвета и образы надолго засядут в голове.","\n",[["ev",{"^->":"0.c-1.11.0.$r1"},{"temp=":"$r"},"str",{"->":".^.s"},[{"#n":"$r1"}],"/str","/ev",{"*":".^.^.c-0","flg":18},{"s":["^Подойти к двери",{"->":"$r","var":true},null]}],["ev",{"^->":"0.c-1.11.1.$r1"},{"temp=":"$r"},"str",{"->":".^.s"},[{"#n":"$r1"}],"/str","/ev",{"*":".^.^.c-1","flg":18},{"s":["^Одеться",{"->":"$r","var":true},null]}],{"c-0":["ev",{"^->":"0.c-1.11.c-0.$r2"},"/ev",{"temp=":"$r"},{"->":".^.^.0.s"},[{"#n":"$r2"}],"^ , \"простая деревянная дверь\"","\n",[["ev",{"^->":"0.c-1.11.c-0.8.0.$r1"},{"temp=":"$r"},"str",{"->":".^.s"},[{"#n":"$r1"}],"/str","/ev",{"*":".^.^.c-0","flg":18},{"s":["^Открыть дверь",{"->":"$r","var":true},null]}],["ev",{"^->":"0.c-1.11.c-0.8.1.$r1"},{"temp=":"$r"},"str",{"->":".^.s"},[{"#n":"$r1"}],"/str","/ev",{"*":".^.^.c-1","flg":18},{"s":["^Посмотреть в глазок",{"->":"$r","var":true},null]}],{"c-0":["ev",{"^->":"0.c-1.11.c-0.8.c-0.$r2"},"/ev",{"temp=":"$r"},{"->":".^.^.0.s"},[{"#n":"$r2"}],"\n","^Дверь со скрипом открывается","\n",{"->":"0.g-0"},{"#f":5}],"c-1":["ev",{"^->":"0.c-1.11.c-0.8.c-1.$r2"},"/ev",{"temp=":"$r"},{"->":".^.^.1.s"},[{"#n":"$r2"}],"\n","^За дверью виднеется мужчина в курьерской форме","\n","^Лицо его прикрыто кепкой","\n",[["ev",{"^->":"0.c-1.11.c-0.8.c-1.11.0.$r1"},{"temp=":"$r"},"str",{"->":".^.s"},[{"#n":"$r1"}],"/str","/ev",{"*":".^.^.c-0","flg":18},{"s":["^Открыть дверь",{"->":"$r","var":true},null]}],{"c-0":["ev",{"^->":"0.c-1.11.c-0.8.c-1.11.c-0.$r2"},"/ev",{"temp=":"$r"},{"->":".^.^.0.s"},[{"#n":"$r2"}],"\n","ev","str","^Курьер","/str","/ev",{"VAR=":"characterName","re":true},"^\"Мисс, кивая головой, он придерживал кепку\"","\n","^\"Для вас посыКХа\" он покраснел от неожиданности","\n","^Вы досихпор не оделись","\n",[["ev",{"^->":"0.c-1.11.c-0.8.c-1.11.c-0.19.0.$r1"},{"temp=":"$r"},"str",{"->":".^.s"},[{"#n":"$r1"}],"/str","/ev",{"*":".^.^.c-0","flg":18},{"s":["^Одеться",{"->":"$r","var":true},null]}],["ev",{"^->":"0.c-1.11.c-0.8.c-1.11.c-0.19.1.$r1"},{"temp=":"$r"},"str",{"->":".^.s"},[{"#n":"$r1"}],"/str","/ev",{"*":".^.^.c-1","flg":18},{"s":["^Взять поссылку",{"->":"$r","var":true},null]}],{"c-0":["ev",{"^->":"0.c-1.11.c-0.8.c-1.11.c-0.19.c-0.$r2"},"/ev",{"temp=":"$r"},{"->":".^.^.0.s"},[{"#n":"$r2"}],"^ вы судорожно накинули первую попавшуюся куртку","\n",[["ev",{"^->":"0.c-1.11.c-0.8.c-1.11.c-0.19.c-0.8.0.$r1"},{"temp=":"$r"},"str",{"->":".^.s"},[{"#n":"$r1"}],"/str","/ev",{"*":".^.^.c-0","flg":18},{"s":["^Извинится ",{"->":"$r","var":true},null]}],{"c-0":["ev",{"^->":"0.c-1.11.c-0.8.c-1.11.c-0.19.c-0.8.c-0.$r2"},"/ev",{"temp=":"$r"},{"->":".^.^.0.s"},[{"#n":"$r2"}],"^ вы смогли выдовить из себя лишь слово","\n","^\"Извините...\"","\n","^Вы забираете поссылку","\n",{"->":"0.g-0"},{"#f":5}]}],{"#f":5}],"c-1":["ev",{"^->":"0.c-1.11.c-0.8.c-1.11.c-0.19.c-1.$r2"},"/ev",{"temp=":"$r"},{"->":".^.^.1.s"},[{"#n":"$r2"}],"\n",{"->":"0.g-0"},{"#f":5}]}],{"#f":5}]}],{"#f":5}]}],{"#f":5}],"c-1":["ev",{"^->":"0.c-1.11.c-1.$r2"},"/ev",{"temp=":"$r"},{"->":".^.^.1.s"},[{"#n":"$r2"}],"^ вы неспешно накидываете на себя первые попавшиеся вещи","\n",[["ev",{"^->":"0.c-1.11.c-1.8.0.$r1"},{"temp=":"$r"},"str",{"->":".^.s"},[{"#n":"$r1"}],"/str","/ev",{"*":".^.^.c-0","flg":18},{"s":["^Подойти к двери",{"->":"$r","var":true},null]}],{"c-0":["ev",{"^->":"0.c-1.11.c-1.8.c-0.$r2"},"/ev",{"temp=":"$r"},{"->":".^.^.0.s"},[{"#n":"$r2"}],"^ обычная деревянная дверь","\n",[["ev",{"^->":"0.c-1.11.c-1.8.c-0.8.0.$r1"},{"temp=":"$r"},"str",{"->":".^.s"},[{"#n":"$r1"}],"/str","/ev",{"*":".^.^.c-0","flg":18},{"s":["^Открыть дверь",{"->":"$r","var":true},null]}],["ev",{"^->":"0.c-1.11.c-1.8.c-0.8.1.$r1"},{"temp=":"$r"},"str",{"->":".^.s"},[{"#n":"$r1"}],"/str","/ev",{"*":".^.^.c-1","flg":18},{"s":["^Посмотреть в глазок",{"->":"$r","var":true},null]}],["ev",{"^->":"0.c-1.11.c-1.8.c-0.8.2.$r1"},{"temp=":"$r"},"str",{"->":".^.s"},[{"#n":"$r1"}],"/str","/ev",{"*":".^.^.c-2","flg":18},{"s":["^Открыть дверь",{"->":"$r","var":true},null]}],{"c-0":["ev",{"^->":"0.c-1.11.c-1.8.c-0.8.c-0.$r2"},"/ev",{"temp=":"$r"},{"->":".^.^.0.s"},[{"#n":"$r2"}],"\n","^За дверью стоит мужчина в курьерской форме","\n",[["ev",{"^->":"0.c-1.11.c-1.8.c-0.8.c-0.9.0.$r1"},{"temp=":"$r"},"str",{"->":".^.s"},[{"#n":"$r1"}],"/str","/ev",{"*":".^.^.c-0","flg":18},{"s":["^Поздароватся",{"->":"$r","var":true},null]}],["ev",{"^->":"0.c-1.11.c-1.8.c-0.8.c-0.9.1.$r1"},{"temp=":"$r"},"str",{"->":".^.s"},[{"#n":"$r1"}],"/str","/ev",{"*":".^.^.c-1","flg":18},{"s":["^Промолчать",{"->":"$r","var":true},null]}],{"c-0":["ev",{"^->":"0.c-1.11.c-1.8.c-0.8.c-0.9.c-0.$r2"},"/ev",{"temp=":"$r"},{"->":".^.^.0.s"},[{"#n":"$r2"}],"\n","ev","str","^Курьер","/str","/ev",{"VAR=":"characterName","re":true},"^Здраствуйте мисс, вот ваша посылка","\n",[["ev",{"^->":"0.c-1.11.c-1.8.c-0.8.c-0.9.c-0.15.0.$r1"},{"temp=":"$r"},"str",{"->":".^.s"},[{"#n":"$r1"}],"/str","/ev",{"*":".^.^.c-0","flg":18},{"s":["^Взять посылку",{"->":"$r","var":true},null]}],{"c-0":["ev",{"^->":"0.c-1.11.c-1.8.c-0.8.c-0.9.c-0.15.c-0.$r2"},"/ev",{"temp=":"$r"},{"->":".^.^.0.s"},[{"#n":"$r2"}],"\n","^Вы берете посылку","\n",[["ev",{"^->":"0.c-1.11.c-1.8.c-0.8.c-0.9.c-0.15.c-0.9.0.$r1"},{"temp=":"$r"},"str",{"->":".^.s"},[{"#n":"$r1"}],"/str","/ev",{"*":".^.^.c-0","flg":18},{"s":["^Попрощатся",{"->":"$r","var":true},null]}],{"c-0":["ev",{"^->":"0.c-1.11.c-1.8.c-0.8.c-0.9.c-0.15.c-0.9.c-0.$r2"},"/ev",{"temp=":"$r"},{"->":".^.^.0.s"},[{"#n":"$r2"}],"\n","^Мужчина кивает в ответ","\n","^Закрыв дверь вы первым делом идете на кухню","\n","^взяв ножницы медленно разрезаете скоч","\n",[["ev",{"^->":"0.c-1.11.c-1.8.c-0.8.c-0.9.c-0.15.c-0.9.c-0.13.0.$r1"},{"temp=":"$r"},"str",{"->":".^.s"},[{"#n":"$r1"}],"/str","/ev",{"*":".^.^.c-0","flg":18},{"s":["^открыть коробку",{"->":"$r","var":true},null]}],{"c-0":["ev",{"^->":"0.c-1.11.c-1.8.c-0.8.c-0.9.c-0.15.c-0.9.c-0.13.c-0.$r2"},"/ev",{"temp=":"$r"},{"->":".^.^.0.s"},[{"#n":"$r2"}],"\n","^В коробке конверт и ключ","\n",[["ev",{"^->":"0.c-1.11.c-1.8.c-0.8.c-0.9.c-0.15.c-0.9.c-0.13.c-0.9.0.$r1"},{"temp=":"$r"},"str",{"->":".^.s"},[{"#n":"$r1"}],"/str","/ev",{"*":".^.^.c-0","flg":18},{"s":["^ключ",{"->":"$r","var":true},null]}],["ev",{"^->":"0.c-1.11.c-1.8.c-0.8.c-0.9.c-0.15.c-0.9.c-0.13.c-0.9.1.$r1"},{"temp=":"$r"},"str",{"->":".^.s"},[{"#n":"$r1"}],"/str","/ev",{"*":".^.^.c-1","flg":18},{"s":["^конверт",{"->":"$r","var":true},null]}],{"c-0":["ev",{"^->":"0.c-1.11.c-1.8.c-0.8.c-0.9.c-0.15.c-0.9.c-0.13.c-0.9.c-0.$r2"},"/ev",{"temp=":"$r"},{"->":".^.^.0.s"},[{"#n":"$r2"}],"\n",{"->":"0.g-0"},{"#f":5}],"c-1":["ev",{"^->":"0.c-1.11.c-1.8.c-0.8.c-0.9.c-0.15.c-0.9.c-0.13.c-0.9.c-1.$r2"},"/ev",{"temp=":"$r"},{"->":".^.^.1.s"},[{"#n":"$r2"}],"\n","^конверт запаенный восковой печатью красного цвета","\n",[["ev",{"^->":"0.c-1.11.c-1.8.c-0.8.c-0.9.c-0.15.c-0.9.c-0.13.c-0.9.c-1.9.0.$r1"},{"temp=":"$r"},"str",{"->":".^.s"},[{"#n":"$r1"}],"/str","/ev",{"*":".^.^.c-0","flg":18},{"s":["^Осмотреть ключ",{"->":"$r","var":true},null]}],["ev",{"^->":"0.c-1.11.c-1.8.c-0.8.c-0.9.c-0.15.c-0.9.c-0.13.c-0.9.c-1.9.1.$r1"},{"temp=":"$r"},"str",{"->":".^.s"},[{"#n":"$r1"}],"/str","/ev",{"*":".^.^.c-1","flg":18},{"s":["^Открыть конверт",{"->":"$r","var":true},null]}],{"c-0":["ev",{"^->":"0.c-1.11.c-1.8.c-0.8.c-0.9.c-0.15.c-0.9.c-0.13.c-0.9.c-1.9.c-0.$r2"},"/ev",{"temp=":"$r"},{"->":".^.^.0.s"},[{"#n":"$r2"}],"\n",{"->":"0.g-0"},{"#f":5}],"c-1":["ev",{"^->":"0.c-1.11.c-1.8.c-0.8.c-0.9.c-0.15.c-0.9.c-0.13.c-0.9.c-1.9.c-1.$r2"},"/ev",{"temp=":"$r"},{"->":".^.^.1.s"},[{"#n":"$r2"}],"\n","^В конверте писмо... это было завещание","\n","^«Привет, моя хорошая. Небеспокойся я по-прежнему буду рядом. Завещаю тебе мою кукольную мастерскую с моей последней просьбой позаботься о куклах. Ключ в коробке. Адрес мастерской ***. Крепко обнимаю. Береги себя»","\n","^Героиня с волнением и трепетом перечитывает письмо несколько раз. Ее сердце бьется сильнее, это последнее сообщение от близкого человека. Слезы на щеках. Каждая фраза и предложение заставляют ее переживать все моменты, проведенные вместе","\n",{"->":"0.g-0"},{"#f":5}]}],{"#f":5}]}],{"#f":5}]}],{"#f":5}]}],{"#f":5}]}],{"#f":5}],"c-1":["ev",{"^->":"0.c-1.11.c-1.8.c-0.8.c-0.9.c-1.$r2"},"/ev",{"temp=":"$r"},{"->":".^.^.1.s"},[{"#n":"$r2"}],"\n","^Мисс ваша посылка","\n",[["ev",{"^->":"0.c-1.11.c-1.8.c-0.8.c-0.9.c-1.9.0.$r1"},{"temp=":"$r"},"str",{"->":".^.s"},[{"#n":"$r1"}],"/str","/ev",{"*":".^.^.c-0","flg":18},{"s":["^Взять посылку",{"->":"$r","var":true},null]}],{"c-0":["ev",{"^->":"0.c-1.11.c-1.8.c-0.8.c-0.9.c-1.9.c-0.$r2"},"/ev",{"temp=":"$r"},{"->":".^.^.0.s"},[{"#n":"$r2"}],"\n","^Вы берете посылку","\n",[["ev",{"^->":"0.c-1.11.c-1.8.c-0.8.c-0.9.c-1.9.c-0.9.0.$r1"},{"temp=":"$r"},"str",{"->":".^.s"},[{"#n":"$r1"}],"/str","/ev",{"*":".^.^.c-0","flg":18},{"s":["^Промолчать",{"->":"$r","var":true},null]}],["ev",{"^->":"0.c-1.11.c-1.8.c-0.8.c-0.9.c-1.9.c-0.9.1.$r1"},{"temp=":"$r"},"str",{"->":".^.s"},[{"#n":"$r1"}],"/str","/ev",{"*":".^.^.c-1","flg":18},{"s":["^Попрощатся",{"->":"$r","var":true},null]}],{"c-0":["ev",{"^->":"0.c-1.11.c-1.8.c-0.8.c-0.9.c-1.9.c-0.9.c-0.$r2"},"/ev",{"temp=":"$r"},{"->":".^.^.0.s"},[{"#n":"$r2"}],"\n",{"->":"0.g-0"},{"#f":5}],"c-1":["ev",{"^->":"0.c-1.11.c-1.8.c-0.8.c-0.9.c-1.9.c-0.9.c-1.$r2"},"/ev",{"temp=":"$r"},{"->":".^.^.1.s"},[{"#n":"$r2"}],"\n","^Мужчина кивает в ответ","\n",{"->":"0.g-0"},{"#f":5}]}],{"#f":5}]}],{"#f":5}]}],{"#f":5}],"c-1":["ev",{"^->":"0.c-1.11.c-1.8.c-0.8.c-1.$r2"},"/ev",{"temp=":"$r"},{"->":".^.^.1.s"},[{"#n":"$r2"}],"\n","^Мужчина в курьерской форме","\n",{"->":"0.g-0"},{"#f":5}],"c-2":["ev",{"^->":"0.c-1.11.c-1.8.c-0.8.c-2.$r2"},"/ev",{"temp=":"$r"},{"->":".^.^.2.s"},[{"#n":"$r2"}],"\n","^За дверью стоит мужчина в курьерской форме","\n",[["ev",{"^->":"0.c-1.11.c-1.8.c-0.8.c-2.9.0.$r1"},{"temp=":"$r"},"str",{"->":".^.s"},[{"#n":"$r1"}],"/str","/ev",{"*":".^.^.c-0","flg":18},{"s":["^Поздароватся",{"->":"$r","var":true},null]}],["ev",{"^->":"0.c-1.11.c-1.8.c-0.8.c-2.9.1.$r1"},{"temp=":"$r"},"str",{"->":".^.s"},[{"#n":"$r1"}],"/str","/ev",{"*":".^.^.c-1","flg":18},{"s":["^Промолчать",{"->":"$r","var":true},null]}],{"c-0":["ev",{"^->":"0.c-1.11.c-1.8.c-0.8.c-2.9.c-0.$r2"},"/ev",{"temp=":"$r"},{"->":".^.^.0.s"},[{"#n":"$r2"}],"\n","ev","str","^Курьер","/str","/ev",{"VAR=":"characterName","re":true},"^Здраствуйте мисс, вот ваша посылка","\n",[["ev",{"^->":"0.c-1.11.c-1.8.c-0.8.c-2.9.c-0.15.0.$r1"},{"temp=":"$r"},"str",{"->":".^.s"},[{"#n":"$r1"}],"/str","/ev",{"*":".^.^.c-0","flg":18},{"s":["^Взять посылку",{"->":"$r","var":true},null]}],{"c-0":["ev",{"^->":"0.c-1.11.c-1.8.c-0.8.c-2.9.c-0.15.c-0.$r2"},"/ev",{"temp=":"$r"},{"->":".^.^.0.s"},[{"#n":"$r2"}],"\n","^Вы берете посылку","\n",[["ev",{"^->":"0.c-1.11.c-1.8.c-0.8.c-2.9.c-0.15.c-0.9.0.$r1"},{"temp=":"$r"},"str",{"->":".^.s"},[{"#n":"$r1"}],"/str","/ev",{"*":".^.^.c-0","flg":18},{"s":["^Попрощатся",{"->":"$r","var":true},null]}],{"c-0":["ev",{"^->":"0.c-1.11.c-1.8.c-0.8.c-2.9.c-0.15.c-0.9.c-0.$r2"},"/ev",{"temp=":"$r"},{"->":".^.^.0.s"},[{"#n":"$r2"}],"\n","^Мужчина кивает в ответ","\n",{"->":"0.g-0"},{"#f":5}]}],{"#f":5}]}],{"#f":5}],"c-1":["ev",{"^->":"0.c-1.11.c-1.8.c-0.8.c-2.9.c-1.$r2"},"/ev",{"temp=":"$r"},{"->":".^.^.1.s"},[{"#n":"$r2"}],"\n","^Мисс ваша посылка","\n",[["ev",{"^->":"0.c-1.11.c-1.8.c-0.8.c-2.9.c-1.9.0.$r1"},{"temp=":"$r"},"str",{"->":".^.s"},[{"#n":"$r1"}],"/str","/ev",{"*":".^.^.c-0","flg":18},{"s":["^Взять посылку",{"->":"$r","var":true},null]}],{"c-0":["ev",{"^->":"0.c-1.11.c-1.8.c-0.8.c-2.9.c-1.9.c-0.$r2"},"/ev",{"temp=":"$r"},{"->":".^.^.0.s"},[{"#n":"$r2"}],"\n","^Вы берете посылку","\n",[["ev",{"^->":"0.c-1.11.c-1.8.c-0.8.c-2.9.c-1.9.c-0.9.0.$r1"},{"temp=":"$r"},"str",{"->":".^.s"},[{"#n":"$r1"}],"/str","/ev",{"*":".^.^.c-0","flg":18},{"s":["^Промолчать",{"->":"$r","var":true},null]}],["ev",{"^->":"0.c-1.11.c-1.8.c-0.8.c-2.9.c-1.9.c-0.9.1.$r1"},{"temp=":"$r"},"str",{"->":".^.s"},[{"#n":"$r1"}],"/str","/ev",{"*":".^.^.c-1","flg":18},{"s":["^Попрощатся",{"->":"$r","var":true},null]}],{"c-0":["ev",{"^->":"0.c-1.11.c-1.8.c-0.8.c-2.9.c-1.9.c-0.9.c-0.$r2"},"/ev",{"temp=":"$r"},{"->":".^.^.0.s"},[{"#n":"$r2"}],"\n",{"->":"0.g-0"},{"#f":5}],"c-1":["ev",{"^->":"0.c-1.11.c-1.8.c-0.8.c-2.9.c-1.9.c-0.9.c-1.$r2"},"/ev",{"temp=":"$r"},{"->":".^.^.1.s"},[{"#n":"$r2"}],"\n","^Мужчина кивает в ответ","\n","ev","str","^Бэлл","/str","/ev",{"VAR=":"characterName","re":true},{"->":"0.g-0"},{"#f":5}]}],{"#f":5}]}],{"#f":5}]}],{"#f":5}]}],{"#f":5}]}],{"#f":5}]}],{"#f":5}],"g-0":["done",{"#f":5}]}],"done",{"Письмо":["^В конверте писмо... это было завещание","\n","^«Привет, моя хорошая. Небеспокойся я по-прежнему буду рядом. Завещаю тебе мою кукольную мастерскую с моей последней просьбой позаботься о куклах. Ключ в коробке. Адрес мастерской ***. Крепко обнимаю. Береги себя»","\n","^Героиня с волнением и трепетом перечитывает письмо несколько раз. Ее сердце бьется сильнее, это последнее сообщение от близкого человека. Слезы на щеках. Каждая фраза и предложение заставляют ее переживать все моменты, проведенные вместе","\n","end",{"#f":1}],"Поездка":["^Дедушка жил в небоь","\n","end",{"#f":1}],"global decl":["ev","str","^Автор","/str",{"VAR=":"characterName"},0,{"VAR=":"characterExpression"},"/ev","end",null],"#f":1}],"listDefs":{}}