﻿{"inkVersion":21,"root":[["^Яркий, горящий в голове образ","\n","ev",1,"/ev",{"VAR=":"characterExpression","re":true},"^...Ключ, поломаное небо и волны беспросветной тьмы","\n","^Рука не человека, необычный ключ","\n","^Медленно приближалась","\n","^Едва коснувшись его...","\n","^Сон разлетается на сотню осколков от громких стуков, звучащих в стенах дома.","\n","ev","str","^Попытатся уснуть","/str","/ev",{"*":"0.c-0","flg":20},"ev","str","^Открыть глаза","/str","/ev",{"*":"0.c-1","flg":20},{"c-0":["\n","^Стук в дверь не позволяет уснуть","\n",["ev","str","^Попытатся уснуть","/str","/ev",{"*":".^.c-0","flg":20},"ev","str","^Открыть глаза","/str","/ev",{"*":".^.c-1","flg":20},{"c-0":["\n","^Стуки становятся сильней","\n",["ev","str","^Попытатся уснуть","/str","/ev",{"*":".^.c-0","flg":20},"ev","str","^Открыть глаза","/str","/ev",{"*":".^.c-1","flg":20},{"c-0":["\n","^Стуки сотрясают стены дома","\n","^барабанные перепонки лопнули","\n","^Вы больше не слышите стуки","\n","^Вы засыпаете...","\n","^...","\n","^На вас падает люстра","\n","^Просто сон...","\n",{"->":"Встать"},{"->":"0.g-0"},{"#f":5}],"c-1":["\n",{"->":"Встать"},{"->":"0.g-0"},{"#f":5}]}],{"#f":5}],"c-1":["\n",{"->":"Встать"},{"->":"0.g-0"},{"#f":5}]}],{"#f":5}],"c-1":["\n",{"->":"Встать"},{"->":"0.g-0"},{"#f":5}],"g-0":["done",{"#f":5}]}],"done",{"Встать":[["ev","str","^Встать","/str","/ev",{"*":".^.c-0","flg":20},{"c-0":["\n","^Медленно поднимаясь и протирая глаза она думала лишь о сне","\n","^Столь яркие цвета и образы надолго засядут в голове.","\n",["ev","str","^Подойти к двери","/str","/ev",{"*":".^.c-0","flg":20},"ev","str","^Одеться","/str","/ev",{"*":".^.c-1","flg":20},{"c-0":["^ , \"простая деревянная дверь\"","\n",[["ev",{"^->":"Встать.0.c-0.5.c-0.2.0.$r1"},{"temp=":"$r"},"str",{"->":".^.s"},[{"#n":"$r1"}],"/str","/ev",{"*":".^.^.c-0","flg":18},{"s":["^Открыть дверь",{"->":"$r","var":true},null]}],["ev",{"^->":"Встать.0.c-0.5.c-0.2.1.$r1"},{"temp=":"$r"},"str",{"->":".^.s"},[{"#n":"$r1"}],"/str","/ev",{"*":".^.^.c-1","flg":18},{"s":["^Посмотреть в глазок",{"->":"$r","var":true},null]}],{"c-0":["ev",{"^->":"Встать.0.c-0.5.c-0.2.c-0.$r2"},"/ev",{"temp=":"$r"},{"->":".^.^.0.s"},[{"#n":"$r2"}],"\n","^Дверь со скрипом открывается","\n","^По ту сторону мужчина в одежде курьера","\n","^Лицо его прикрыто кепкой","\n",[["ev",{"^->":"Встать.0.c-0.5.c-0.2.c-0.13.0.$r1"},{"temp=":"$r"},"str",{"->":".^.s"},[{"#n":"$r1"}],"/str","/ev",{"*":".^.^.c-0","flg":18},{"s":["^Открыть дверь",{"->":"$r","var":true},null]}],{"c-0":["ev",{"^->":"Встать.0.c-0.5.c-0.2.c-0.13.c-0.$r2"},"/ev",{"temp=":"$r"},{"->":".^.^.0.s"},[{"#n":"$r2"}],"\n","^\"Мисс, кивая головой, он придерживал кепку\"","\n","^\"Для вас посыКХа\" он покраснел от неожиданности","\n","^Вы досихпор не оделись","\n",["ev","str","^Одеться","/str","/ev",{"*":".^.c-0","flg":20},"ev","str","^Взять поссылку","/str","/ev",{"*":".^.c-1","flg":20},{"c-0":["^ вы судорожно накинули первую попавшуюся куртку","\n",["ev","str","^Извинится ","/str","/ev",{"*":".^.c-0","flg":20},{"c-0":["^ вы смогли выдовить из себя лишь слово","\n","^\"Извините...\"","\n","^Вы забираете поссылку","\n","^И быстро захлопываете дверь, одеваетесь и идете на кухню","\n","^Взяв ножницы медленно разрезаете скоч","\n",["ev","str","^Oткрыть коробку","/str","/ev",{"*":".^.c-0","flg":20},{"c-0":["\n","^В коробке конверт и ключ","\n",["ev","str","^ключ","/str","/ev",{"*":".^.c-0","flg":20},"ev","str","^конверт","/str","/ev",{"*":".^.c-1","flg":20},{"c-0":["\n","^Обычный на вид ключ","\n","^Отложив его в сторону вы берете конверт","\n","^Конверт запаенный восковой печатью красного цвета","\n",["ev","str","^Открыть конверт","/str","/ev",{"*":".^.c-0","flg":20},{"c-0":["\n","^В конверте писмо...  завещание","\n",{"->":"ПисьмоПоездка"},{"#f":5}]}],{"#f":5}],"c-1":["\n","^Конверт запаенный восковой печатью красного цвета","\n",["ev","str","^Осмотреть ключ","/str","/ev",{"*":".^.c-0","flg":20},"ev","str","^Открыть конверт","/str","/ev",{"*":".^.c-1","flg":20},{"c-0":["\n","^Обычный на вид ключ","\n",["ev","str","^Открыть конверт","/str","/ev",{"*":".^.c-0","flg":20},{"c-0":["\n","^В конверте писмо...  завещание","\n",{"->":"ПисьмоПоездка"},{"#f":5}]}],{"#f":5}],"c-1":["\n","^В конверте писмо...  завещание","\n",{"->":"ПисьмоПоездка"},{"#f":5}]}],{"#f":5}]}],{"#f":5}]}],{"#f":5}]}],{"#f":5}],"c-1":["\n","^Вы берете посылку и быстро захлопываете дверь, одеваетесь и идете на кухню","\n","^Взяв ножницы медленно разрезаете скоч","\n",["ev","str","^Oткрыть коробку","/str","/ev",{"*":".^.c-0","flg":20},{"c-0":["\n","^В коробке конверт и ключ","\n",["ev","str","^ключ","/str","/ev",{"*":".^.c-0","flg":20},"ev","str","^конверт","/str","/ev",{"*":".^.c-1","flg":20},{"c-0":["\n","^Обычный на вид ключ","\n","^Отложив его в сторону вы берете конверт","\n","^Конверт запаенный восковой печатью красного цвета","\n",["ev","str","^Открыть конверт","/str","/ev",{"*":".^.c-0","flg":20},{"c-0":["\n","^В конверте писмо...  завещание","\n",{"->":"ПисьмоПоездка"},{"#f":5}]}],{"#f":5}],"c-1":["\n","^Конверт запаенный восковой печатью красного цвета","\n",["ev","str","^Осмотреть ключ","/str","/ev",{"*":".^.c-0","flg":20},{"c-0":["\n","^Обычный на вид ключ","\n",["ev","str","^Открыть конверт","/str","/ev",{"*":".^.c-0","flg":20},{"c-0":["\n","^В конверте писмо...  завещание","\n",{"->":"ПисьмоПоездка"},{"#f":5}]}],{"#f":5}]}],{"#f":5}]}],{"#f":5}]}],{"#f":5}]}],{"#f":5}]}],{"#f":5}],"c-1":["ev",{"^->":"Встать.0.c-0.5.c-0.2.c-1.$r2"},"/ev",{"temp=":"$r"},{"->":".^.^.1.s"},[{"#n":"$r2"}],"\n","^По ту сторону мужчина в одежде курьера","\n","^Лицо его прикрыто кепкой","\n",[["ev",{"^->":"Встать.0.c-0.5.c-0.2.c-1.11.0.$r1"},{"temp=":"$r"},"str",{"->":".^.s"},[{"#n":"$r1"}],"/str","/ev",{"*":".^.^.c-0","flg":18},{"s":["^Открыть дверь",{"->":"$r","var":true},null]}],{"c-0":["ev",{"^->":"Встать.0.c-0.5.c-0.2.c-1.11.c-0.$r2"},"/ev",{"temp=":"$r"},{"->":".^.^.0.s"},[{"#n":"$r2"}],"\n","^\"Мисс, кивая головой, он придерживал кепку\"","\n","^\"Для вас посыКХа\" он покраснел от неожиданности","\n","^Вы досихпор не оделись","\n",["ev","str","^Одеться","/str","/ev",{"*":".^.c-0","flg":20},"ev","str","^Взять поссылку","/str","/ev",{"*":".^.c-1","flg":20},{"c-0":["^ вы судорожно накинули первую попавшуюся куртку","\n",["ev","str","^Извинится ","/str","/ev",{"*":".^.c-0","flg":20},{"c-0":["^ вы смогли выдовить из себя лишь слово","\n","^\"Извините...\"","\n","^Вы забираете поссылку","\n","^И быстро захлопываете дверь, одеваетесь и идете на кухню","\n","^Взяв ножницы медленно разрезаете скоч","\n",["ev","str","^Oткрыть коробку","/str","/ev",{"*":".^.c-0","flg":20},"ev","str","^конверт","/str","/ev",{"*":".^.c-1","flg":20},{"c-0":["\n","^В коробке конверт и ключ","\n",["ev","str","^ключ","/str","/ev",{"*":".^.c-0","flg":20},{"c-0":["\n","^Обычный на вид ключ","\n","^Отложив его в сторону вы берете конверт","\n","^Конверт запаенный восковой печатью красного цвета","\n",["ev","str","^Открыть конверт","/str","/ev",{"*":".^.c-0","flg":20},{"c-0":["\n","^В конверте писмо...  завещание","\n",{"->":"ПисьмоПоездка"},{"#f":5}]}],{"#f":5}]}],{"#f":5}],"c-1":["\n","^Конверт запаенный восковой печатью красного цвета","\n",["ev","str","^Осмотреть ключ","/str","/ev",{"*":".^.c-0","flg":20},"ev","str","^Открыть конверт","/str","/ev",{"*":".^.c-1","flg":20},{"c-0":["\n","^Обычный на вид ключ","\n",["ev","str","^Открыть конверт","/str","/ev",{"*":".^.c-0","flg":20},{"c-0":["\n","^В конверте писмо...  завещание","\n",{"->":"ПисьмоПоездка"},{"#f":5}]}],{"#f":5}],"c-1":["\n","^В конверте писмо...  завещание","\n",{"->":"ПисьмоПоездка"},{"#f":5}]}],{"#f":5}]}],{"#f":5}]}],{"#f":5}],"c-1":["\n","^Вы берете посылку и быстро захлопываете дверь, одеваетесь и идете на кухню","\n","^Взяв ножницы медленно разрезаете скоч","\n",["ev","str","^Oткрыть коробку","/str","/ev",{"*":".^.c-0","flg":20},{"c-0":["\n","^В коробке конверт и ключ","\n",["ev","str","^ключ","/str","/ev",{"*":".^.c-0","flg":20},"ev","str","^конверт","/str","/ev",{"*":".^.c-1","flg":20},{"c-0":["\n","^Обычный на вид ключ","\n","^Отложив его в сторону вы берете конверт","\n","^Конверт запаенный восковой печатью красного цвета","\n",["ev","str","^Открыть конверт","/str","/ev",{"*":".^.c-0","flg":20},{"c-0":["\n","^В конверте писмо...  завещание","\n",{"->":"ПисьмоПоездка"},{"#f":5}]}],{"#f":5}],"c-1":["\n","^Конверт запаенный восковой печатью красного цвета","\n",["ev","str","^Осмотреть ключ","/str","/ev",{"*":".^.c-0","flg":20},"ev","str","^Открыть конверт","/str","/ev",{"*":".^.c-1","flg":20},{"c-0":["\n","^Обычный на вид ключ","\n",["ev","str","^Открыть конверт","/str","/ev",{"*":".^.c-0","flg":20},{"c-0":["\n","^В конверте писмо...  завещание","\n",{"->":"ПисьмоПоездка"},{"#f":5}]}],{"#f":5}],"c-1":["\n","^В конверте писмо...  завещание","\n",{"->":"ПисьмоПоездка"},{"#f":5}]}],{"#f":5}]}],{"#f":5}]}],{"#f":5}]}],{"#f":5}]}],{"#f":5}]}],{"#f":5}],"c-1":["^ вы неспешно накидываете на себя первые попавшиеся вещи","\n",["ev","str","^Подойти к двери","/str","/ev",{"*":".^.c-0","flg":20},{"c-0":["^ обычная деревянная дверь","\n",["ev","str","^Открыть дверь","/str","/ev",{"*":".^.c-0","flg":20},"ev","str","^Посмотреть в глазок","/str","/ev",{"*":".^.c-1","flg":20},{"c-0":["\n","^По ту сторону мужчина в одежде курьера","\n",["ev","str","^Поздароватся","/str","/ev",{"*":".^.c-0","flg":20},"ev","str","^Промолчать","/str","/ev",{"*":".^.c-1","flg":20},{"c-0":["\n","^\"Мисс, вот ваша посылка\"","\n",["ev","str","^Взять посылку","/str","/ev",{"*":".^.c-0","flg":20},{"c-0":["\n","^Вы берете посылку","\n",["ev","str","^Попрощатся","/str","/ev",{"*":".^.c-0","flg":20},{"c-0":["\n","^Мужчина кивает в ответ","\n","^Попрощавщись вы первым делом идете на кухню","\n","^взяв ножницы медленно разрезаете скоч","\n",["ev","str","^Oткрыть коробку","/str","/ev",{"*":".^.c-0","flg":20},{"c-0":["\n","^В коробке конверт и ключ","\n",["ev","str","^ключ","/str","/ev",{"*":".^.c-0","flg":20},"ev","str","^конверт","/str","/ev",{"*":".^.c-1","flg":20},{"c-0":["\n","^Обычный на вид ключ","\n","^Отложив его в сторону вы берете конверт","\n","^Конверт запаенный восковой печатью красного цвета","\n",["ev","str","^Открыть конверт","/str","/ev",{"*":".^.c-0","flg":20},{"c-0":["\n","^В конверте писмо...  завещание","\n",{"->":"ПисьмоПоездка"},{"#f":5}]}],{"#f":5}],"c-1":["\n","^Конверт запаенный восковой печатью красного цвета","\n",["ev","str","^Осмотреть ключ","/str","/ev",{"*":".^.c-0","flg":20},"ev","str","^Открыть конверт","/str","/ev",{"*":".^.c-1","flg":20},{"c-0":["\n","^Обычный на вид ключ","\n",["ev","str","^Открыть конверт","/str","/ev",{"*":".^.c-0","flg":20},{"c-0":["\n","^В конверте писмо...  завещание","\n",{"->":"ПисьмоПоездка"},{"#f":5}]}],{"#f":5}],"c-1":["\n","^В конверте писмо...  завещание","\n",{"->":"ПисьмоПоездка"},{"#f":5}]}],{"#f":5}]}],{"#f":5}]}],{"#f":5}]}],{"#f":5}]}],{"#f":5}],"c-1":["\n","^\"Мисс ваша посылка\"","\n",["ev","str","^Взять посылку","/str","/ev",{"*":".^.c-0","flg":20},{"c-0":["\n","^Вы берете посылку","\n",["ev","str","^Промолчать","/str","/ev",{"*":".^.c-0","flg":20},"ev","str","^Попрощатся","/str","/ev",{"*":".^.c-1","flg":20},{"c-0":["\n","^Мужчина молча уходит","\n","^Попрощавщись вы первым делом идете на кухню","\n","^взяв ножницы медленно разрезаете скоч","\n",["ev","str","^Oткрыть коробку","/str","/ev",{"*":".^.c-0","flg":20},{"c-0":["\n","^В коробке конверт и ключ","\n",["ev","str","^Kлюч","/str","/ev",{"*":".^.c-0","flg":20},"ev","str","^Kонверт","/str","/ev",{"*":".^.c-1","flg":20},"ev","str","^Открыть конверт","/str","/ev",{"*":".^.c-2","flg":20},{"c-0":["\n","^Обычный на вид ключ","\n","^Отложив его в сторону вы берете конверт","\n","^Конверт запаенный восковой печатью красного цвета","\n",["ev","str","^Открыть конверт","/str","/ev",{"*":".^.c-0","flg":20},{"c-0":["\n","^В конверте писмо...  завещание","\n",{"->":"ПисьмоПоездка"},{"#f":5}]}],{"#f":5}],"c-1":["\n","^Конверт запаенный восковой печатью красного цвета","\n",["ev","str","^Осмотреть ключ","/str","/ev",{"*":".^.c-0","flg":20},{"c-0":["\n","^Обычный на вид ключ","\n",["ev","str","^Открыть конверт","/str","/ev",{"*":".^.c-0","flg":20},{"c-0":["\n","^В конверте писмо...  завещание","\n",{"->":"ПисьмоПоездка"},{"#f":5}]}],{"#f":5}]}],{"#f":5}],"c-2":["\n","^В конверте писмо...  завещание","\n",{"->":"ПисьмоПоездка"},{"#f":5}]}],{"#f":5}]}],{"#f":5}],"c-1":["\n","^Мужчина кивает в ответ","\n","^Попрощавщись вы первым делом идете на кухню","\n","^взяв ножницы медленно разрезаете скоч","\n",["ev","str","^Oткрыть коробку","/str","/ev",{"*":".^.c-0","flg":20},{"c-0":["\n","^В коробке конверт и ключ","\n",["ev","str","^Kлюч","/str","/ev",{"*":".^.c-0","flg":20},"ev","str","^Kонверт","/str","/ev",{"*":".^.c-1","flg":20},{"c-0":["\n","^Обычный на вид ключ","\n","^Отложив его в сторону вы берете конверт","\n","^Конверт запаенный восковой печатью красного цвета","\n",["ev","str","^Открыть конверт","/str","/ev",{"*":".^.c-0","flg":20},{"c-0":["\n","^В конверте писмо...  завещание","\n",{"->":"ПисьмоПоездка"},{"#f":5}]}],{"#f":5}],"c-1":["\n","^Конверт запаенный восковой печатью красного цвета","\n",["ev","str","^Осмотреть ключ","/str","/ev",{"*":".^.c-0","flg":20},{"c-0":["\n","^Обычный на вид ключ","\n",["ev","str","^Открыть конверт","/str","/ev",{"*":".^.c-0","flg":20},{"c-0":["\n","^В конверте писмо...  завещание","\n",{"->":"ПисьмоПоездка"},{"#f":5}]}],{"#f":5}]}],{"#f":5}]}],{"#f":5}]}],{"#f":5}]}],{"#f":5}]}],{"#f":5}]}],{"#f":5}],"c-1":["\n","^Мужчина в одежде курьера","\n",["ev","str","^Открыть дверь","/str","/ev",{"*":".^.c-0","flg":20},{"c-0":["\n","^Мужчина улыбнулся","\n",["ev","str","^Поздароватся","/str","/ev",{"*":".^.c-0","flg":20},"ev","str","^Промолчать","/str","/ev",{"*":".^.c-1","flg":20},{"c-0":["\n","ev","str","^Курьер","/str","/ev",{"VAR=":"characterName","re":true},"^\"Мисс, вот ваша посылка\"","\n",["ev","str","^Взять посылку","/str","/ev",{"*":".^.c-0","flg":20},{"c-0":["\n","^Вы берете посылку","\n",["ev","str","^Попрощатся","/str","/ev",{"*":".^.c-0","flg":20},{"c-0":["\n","^Мужчина кивает в ответ","\n","^Попрощавщись вы первым делом идете на кухню","\n","^взяв ножницы медленно разрезаете скоч","\n",["ev","str","^Oткрыть коробку","/str","/ev",{"*":".^.c-0","flg":20},"ev","str","^Kонверт","/str","/ev",{"*":".^.c-1","flg":20},{"c-0":["\n","^В коробке конверт и ключ","\n",["ev","str","^Kлюч","/str","/ev",{"*":".^.c-0","flg":20},{"c-0":["\n","^Обычный на вид ключ","\n","^Отложив его в сторону вы берете конверт","\n","^Конверт запаенный восковой печатью красного цвета","\n",["ev","str","^Открыть конверт","/str","/ev",{"*":".^.c-0","flg":20},{"c-0":["\n","^В конверте писмо...  завещание","\n",{"->":"ПисьмоПоездка"},{"#f":5}]}],{"#f":5}]}],{"#f":5}],"c-1":["\n","^Конверт запаенный восковой печатью красного цвета","\n",["ev","str","^Осмотреть ключ","/str","/ev",{"*":".^.c-0","flg":20},"ev","str","^Открыть конверт","/str","/ev",{"*":".^.c-1","flg":20},{"c-0":["\n","^Обычный на вид ключ","\n",["ev","str","^Открыть конверт","/str","/ev",{"*":".^.c-0","flg":20},{"c-0":["\n","^В конверте писмо...  завещание","\n",{"->":"ПисьмоПоездка"},{"#f":5}]}],{"#f":5}],"c-1":["\n","^В конверте писмо...  завещание","\n",{"->":"ПисьмоПоездка"},{"#f":5}]}],{"#f":5}]}],{"#f":5}]}],{"#f":5}]}],{"#f":5}],"c-1":["^Вы молчите","\n","^\"Мисс ваша посылка\"","\n",["ev","str","^Взять посылку","/str","/ev",{"*":".^.c-0","flg":20},{"c-0":["\n","^Вы берете посылку","\n",["ev","str","^Промолчать","/str","/ev",{"*":".^.c-0","flg":20},"ev","str","^Попрощатся","/str","/ev",{"*":".^.c-1","flg":20},{"c-0":["\n","^Мужчина молча уходит","\n","^Вы первым делом идете на кухню","\n","^взяв ножницы медленно разрезаете скоч","\n",["ev","str","^Oткрыть коробку","/str","/ev",{"*":".^.c-0","flg":20},{"c-0":["\n","^В коробке конверт и ключ","\n",["ev","str","^Ключ","/str","/ev",{"*":".^.c-0","flg":20},"ev","str","^Конверт","/str","/ev",{"*":".^.c-1","flg":20},{"c-0":["\n","^Обычный на вид ключ","\n","^Отложив его в сторону вы берете конверт","\n","^Конверт запаенный восковой печатью красного цвета","\n",["ev","str","^Открыть конверт","/str","/ev",{"*":".^.c-0","flg":20},{"c-0":["\n","^В конверте писмо...  завещание","\n",{"->":"ПисьмоПоездка"},{"#f":5}]}],{"#f":5}],"c-1":["\n","^Конверт запаенный восковой печатью красного цвета","\n",["ev","str","^Осмотреть ключ","/str","/ev",{"*":".^.c-0","flg":20},{"c-0":["\n","^Обычный на вид ключ","\n",["ev","str","^Открыть конверт","/str","/ev",{"*":".^.c-0","flg":20},{"c-0":["\n","^В конверте писмо...  завещание","\n",{"->":"ПисьмоПоездка"},{"#f":5}]}],{"#f":5}]}],{"#f":5}]}],{"#f":5}]}],{"#f":5}],"c-1":["\n","^Попрощавщись вы вы первым делом идете на кухню","\n","^взяв ножницы медленно разрезаете скоч","\n",["ev","str","^открыть коробку","/str","/ev",{"*":".^.c-0","flg":20},{"c-0":["\n","^В коробке конверт и ключ","\n",["ev","str","^ключ","/str","/ev",{"*":".^.c-0","flg":20},"ev","str","^Конверт","/str","/ev",{"*":".^.c-1","flg":20},"ev","str","^Открыть конверт","/str","/ev",{"*":".^.c-2","flg":20},{"c-0":["\n","^Обычный на вид ключ","\n","^Отложив его в сторону вы берете конверт","\n","^Конверт запаенный восковой печатью красного цвета","\n",["ev","str","^Открыть конверт","/str","/ev",{"*":".^.c-0","flg":20},{"c-0":["\n","^В конверте писмо...  завещание","\n",{"->":"ПисьмоПоездка"},{"#f":5}]}],{"#f":5}],"c-1":["\n","^Конверт запаенный восковой печатью красного цвета","\n",["ev","str","^Осмотреть ключ","/str","/ev",{"*":".^.c-0","flg":20},{"c-0":["\n","^Обычный на вид ключ","\n",["ev","str","^Открыть конверт","/str","/ev",{"*":".^.c-0","flg":20},{"c-0":["\n","^В конверте писмо...  завещание","\n",{"->":"ПисьмоПоездка"},{"#f":5}]}],{"#f":5}]}],{"#f":5}],"c-2":["\n","^В конверте писмо...  завещание","\n",{"->":"ПисьмоПоездка"},{"#f":5}]}],{"#f":5}]}],{"#f":5}]}],{"#f":5}]}],{"#f":5}]}],{"#f":5}]}],{"#f":5}]}],{"#f":5}]}],{"#f":5}]}],{"#f":5}]}],{"#f":1}],"ПисьмоПоездка":[["^«Привет, моя хорошая, небеспокойся я по-прежнему буду рядом.","\n","^завещаю тебе мою кукольную мастерскую с моей последней просьбой позаботься о куклах.","\n","^Ключ в коробке. Адрес мастерской ***. Крепко обнимаю, береги себя»","\n","^с волнением и трепетом перечитывая письмо несколько раз.","\n","^Ее сердце бьется сильнее, это последнее сообщение от близкого человека.","\n","^Слезы на щеках. Каждая фраза и предложение заставляют ее переживать все моменты, проведенные вместе","\n","^Так и прошло 2 для в раздумях, взяв отгул на работе она собрала вещи на пару дней","\n","^Купила билеты на поез и построила маршрут","\n","ev","str","^Выйти из дома","/str","/ev",{"*":".^.c-0","flg":20},"ev","str","^Проверить вещи","/str","/ev",{"*":".^.c-1","flg":20},{"c-0":["\n","^Выходя из дома вы осматриваете газ и электро приборы","\n","^Закрываете дверь и идете на вокзал","\n","^4 часа спустя, выходя с поезда свежий воздух бьёт в голову","\n","^Осталось дойти до старого города...","\n","^Тут почти нечего не поменялось все теже каменные дома, навивают воспоминания","\n","^Вот и она мастерская в переулке","\n",[["ev",{"^->":"ПисьмоПоездка.0.c-0.13.0.$r1"},{"temp=":"$r"},"str",{"->":".^.s"},[{"#n":"$r1"}],"/str","/ev",{"*":".^.^.c-0","flg":18},{"s":["^Достать ключ и открыть дверь",{"->":"$r","var":true},null]}],"ev","str","^Сверить адрес","/str","/ev",{"*":".^.c-1","flg":20},{"c-0":["ev",{"^->":"ПисьмоПоездка.0.c-0.13.c-0.$r2"},"/ev",{"temp=":"$r"},{"->":".^.^.0.s"},[{"#n":"$r2"}],"\n","^Немного покопавшись по карманам вы находите вычурный ключик","\n","^Он легко проскакивает в замочную скважину и с двумя легкими щелчками отворяет замок, а вот дверь поддалась с усилием как будто вросла в стену","\n","end",{"#f":5}],"c-1":["\n","^\"Зачем? она же некуда отсюда не уедет\" адрес совпал","\n",[["ev",{"^->":"ПисьмоПоездка.0.c-0.13.c-1.3.0.$r1"},{"temp=":"$r"},"str",{"->":".^.s"},[{"#n":"$r1"}],"/str","/ev",{"*":".^.^.c-0","flg":18},{"s":["^Достать ключ и открыть дверь",{"->":"$r","var":true},null]}],{"c-0":["ev",{"^->":"ПисьмоПоездка.0.c-0.13.c-1.3.c-0.$r2"},"/ev",{"temp=":"$r"},{"->":".^.^.0.s"},[{"#n":"$r2"}],"\n","^Немного покопавшись по карманам вы находите вычурный ключик","\n","^Он легко проскакивает в замочную скважину и с двумя легкими щелчками отворяет замок, а вот дверь поддалась с усилием как будто вросла в стену","\n","^Пыль, лак и опилки - чудесные запахи мастерской","\n","^Все завалено куклами \"Жуть...\"","\n","^В конце это заваленного коридора виднелать единственная открытая дверь...","\n","^За приоткрытой дверью кабинет","\n","^Уже темнело","\n",["ev","str","^Пойти в гостиницу","/str","/ev",{"*":".^.c-0","flg":20},"ev","str","^Переночевать в мастерской","/str","/ev",{"*":".^.c-1","flg":20},{"c-0":["\n","^Как только вы выходите за дверь начинается сильный дождь","\n","^Говорят в это время года сильные дожди здесь обычное явление...","\n",["ev","str","^Вернутся в мастерскую","/str","/ev",{"*":".^.c-0","flg":20},{"c-0":["\n","^Вы садитесь за стол с инструментами... и медленно засыпаете","\n","end",{"#f":5}]}],{"#f":5}],"c-1":["\n","^Вы садитесь за стол... и медленно засыпаете","\n","end",{"#f":5}]}],{"#f":5}]}],{"#f":5}]}],{"#f":5}],"c-1":["\n","^Все на месте","\n","^Вы выходите из дома","\n","^Выходя из дома вы осматриваете газ и электро приборы","\n","^Закрываете дверь и идете на вокзал","\n","^4 часа спустя, выходя с поезда свежий воздух бьёт в голову","\n","^Осталось дойти до старого города...","\n","^Здесь почти нечего не поменялось все теже каменные дома, навивают воспоминания","\n","^Вот и она мастерская в переулке","\n",[["ev",{"^->":"ПисьмоПоездка.0.c-1.17.0.$r1"},{"temp=":"$r"},"str",{"->":".^.s"},[{"#n":"$r1"}],"/str","/ev",{"*":".^.^.c-0","flg":18},{"s":["^Достать ключ и открыть дверь",{"->":"$r","var":true},null]}],"ev","str","^Сверить адрес","/str","/ev",{"*":".^.c-1","flg":20},{"c-0":["ev",{"^->":"ПисьмоПоездка.0.c-1.17.c-0.$r2"},"/ev",{"temp=":"$r"},{"->":".^.^.0.s"},[{"#n":"$r2"}],"\n","^Немного покопавшись по карманам вы находите вычурный ключик","\n","^Он легко проскакивает в замочную скважину и с двумя легкими щелчками отворяет замок, а вот дверь поддалась с усилием как будто вросла в стену","\n","end",{"#f":5}],"c-1":["\n","^\"Зачем? она же некуда отсюда не уедет\" адрес совпал","\n",[["ev",{"^->":"ПисьмоПоездка.0.c-1.17.c-1.3.0.$r1"},{"temp=":"$r"},"str",{"->":".^.s"},[{"#n":"$r1"}],"/str","/ev",{"*":".^.^.c-0","flg":18},{"s":["^Достать ключ и открыть дверь",{"->":"$r","var":true},null]}],{"c-0":["ev",{"^->":"ПисьмоПоездка.0.c-1.17.c-1.3.c-0.$r2"},"/ev",{"temp=":"$r"},{"->":".^.^.0.s"},[{"#n":"$r2"}],"\n","^Немного покопавшись по карманам вы находите вычурный ключик","\n","^Он легко проскакивает в замочную скважину и с двумя легкими щелчками отворяет замок, а вот дверь поддалась с усилием как будто вросла в стену","\n","^Пыль, лак и опилки - чудесные запахи мастерской","\n","^Все завалено куклами \"Жуть...\"","\n","^В конце это заваленного коридора виднелать единственная открытая дверь...","\n","^За приоткрытой дверью кабинет","\n","^Уже темнело","\n",["ev","str","^Пойти в гостиницу","/str","/ev",{"*":".^.c-0","flg":20},"ev","str","^Переночевать в мастерской","/str","/ev",{"*":".^.c-1","flg":20},{"c-0":["\n","^Как только вы выходите за дверь начинается сильный дождь","\n","^Говорят в это время года сильные дожди здесь обычное явление...","\n","^Мне придется вернутся в мастерскую","\n","^Вы садитесь за стол с инструментами... и медленно засыпаете","\n","end",{"#f":5}],"c-1":["\n","^Сложив вещи в кабинете","\n","^Вы садитесь за стол... и медленно засыпаете","\n","end",{"#f":5}]}],{"#f":5}]}],{"#f":5}]}],{"#f":5}]}],{"#f":1}],"global decl":["ev","str","^Автор","/str",{"VAR=":"characterName"},0,{"VAR=":"characterExpression"},"/ev","end",null],"#f":1}],"listDefs":{}}